x,seno(x)
0.0,0.0
0.06283185307179587,0.06279051952931337
0.12566370614359174,0.12533323356430429
0.18849555921538758,0.1873813145857246
0.25132741228718347,0.2486898871648548
0.3141592653589793,0.30901699437494745
0.37699111843077515,0.3681245526846779
0.4398229715025711,0.42577929156507266
0.5026548245743669,0.48175367410171527
0.5654866776461628,0.5358267949789969
0.6283185307179586,0.5877852522924731
0.6911503837897545,0.6374239897486896
0.7539822368615503,0.6845471059286885
0.8168140899333463,0.7289686274214114
0.8796459430051422,0.7705132427757893
0.9424777960769379,0.8090169943749473
1.0053096491487339,0.8443279255020153
1.0681415022205298,0.8763066800438638
1.1309733552923256,0.9048270524660196
1.1938052083641213,0.9297764858882513
1.2566370614359172,0.9510565162951535
1.319468914507713,0.968583161128631
1.382300767579509,0.9822872507286887
1.4451326206513049,0.9921147013144778
1.5079644737231006,0.9980267284282716
1.5707963267948966,1.0000000000000002
1.6336281798666925,0.9980267284282714
1.6964600329384885,0.9921147013144781
1.7592918860102844,0.9822872507286886
1.82212373908208,0.9685831611286312
1.8849555921538759,0.9510565162951536
1.9477874452256718,0.9297764858882512
2.0106192982974678,0.9048270524660197
2.0734511513692637,0.8763066800438636
2.1362830044410597,0.8443279255020152
2.199114857512855,0.8090169943749477
2.261946710584651,0.7705132427757894
2.324778563656447,0.7289686274214116
2.3876104167282426,0.6845471059286887
2.4504422698000385,0.6374239897486901
2.5132741228718345,0.5877852522924731
2.57610597594363,0.5358267949789972
2.638937829015426,0.4817536741017154
2.701769682087222,0.425779291565073
2.764601535159018,0.368124552684678
2.827433388230814,0.3090169943749474
2.8902652413026098,0.24868988716485507
2.9530970943744053,0.18738131458572527
3.015928947446201,0.12533323356430517
3.078760800517997,0.06279051952931555
3.141592653589793,2.6382038606431112e-15
3.204424506661589,-0.06279051952931555
3.267256359733385,-0.12533323356430517
3.330088212805181,-0.18738131458572527
3.392920065876977,-0.24868988716485557
3.455751918948773,-0.3090169943749479
3.518583772020569,-0.3681245526846786
3.581415625092364,-0.4257792915650724
3.64424747816416,-0.4817536741017152
3.707079331235956,-0.5358267949789965
3.7699111843077517,-0.5877852522924731
3.8327430373795477,-0.6374239897486901
3.8955748904513436,-0.6845471059286887
3.958406743523139,-0.7289686274214116
4.0212385965949355,-0.7705132427757895
4.084070449666731,-0.8090169943749477
4.1469023027385274,-0.8443279255020154
4.209734155810323,-0.8763066800438638
4.272566008882119,-0.90482705246602
4.335397861953914,-0.929776485888251
4.39822971502571,-0.9510565162951536
4.461061568097506,-0.9685831611286312
4.523893421169302,-0.9822872507286887
4.586725274241098,-0.9921147013144781
4.649557127312894,-0.9980267284282714
4.71238898038469,-1.0000000000000002
4.775220833456485,-0.9980267284282714
4.838052686528282,-0.9921147013144778
4.900884539600077,-0.9822872507286887
4.9637163926718735,-0.968583161128631
5.026548245743669,-0.9510565162951535
5.089380098815465,-0.9297764858882512
5.15221195188726,-0.9048270524660198
5.215043804959056,-0.8763066800438638
5.277875658030852,-0.8443279255020155
5.340707511102648,-0.8090169943749473
5.403539364174444,-0.7705132427757895
5.46637121724624,-0.7289686274214113
5.529203070318036,-0.6845471059286886
5.592034923389832,-0.6374239897486893
5.654866776461628,-0.5877852522924731
5.717698629533424,-0.5358267949789963
5.7805304826052195,-0.4817536741017151
5.843362335677016,-0.425779291565072
5.9061941887488105,-0.3681245526846785
5.969026041820607,-0.30901699437494745
6.031857894892402,-0.24868988716485513
6.094689747964199,-0.18738131458572443
6.157521601035994,-0.12533323356430442
6.220353454107791,-0.06279051952931301
6.283185307179586,0.0
6.346017160251382,0.06279051952931301
6.408849013323178,0.12533323356430442
6.471680866394974,0.18738131458572443
6.53451271946677,0.24868988716485513
6.5973445725385655,0.30901699437494745
6.660176425610362,0.3681245526846785
6.7230082786821574,0.42577929156507277
6.785840131753954,0.48175367410171593
6.848671984825749,0.5358267949789971
6.911503837897546,0.5877852522924739
6.974335690969341,0.63742398974869
7.037167544041138,0.6845471059286894
7.099999397112931,0.7289686274214108
7.162831250184728,0.7705132427757889
7.225663103256523,0.8090169943749468
7.28849495632832,0.8443279255020151
7.351326809400115,0.8763066800438634
7.414158662471912,0.9048270524660195
7.476990515543707,0.9297764858882512
7.5398223686155035,0.9510565162951535
7.602654221687299,0.968583161128631
7.665486074759095,0.9822872507286887
7.728317927830891,0.9921147013144778
7.791149780902687,0.9980267284282714
7.853981633974483,1.0000000000000002
7.916813487046278,0.9980267284282714
7.979645340118075,0.9921147013144781
8.042477193189871,0.9822872507286885
8.105309046261667,0.9685831611286312
8.168140899333462,0.9510565162951536
8.230972752405258,0.9297764858882516
8.293804605477055,0.9048270524660192
8.35663645854885,0.8763066800438633
8.419468311620646,0.8443279255020152
8.482300164692441,0.8090169943749477
8.545132017764239,0.7705132427757884
8.607963870836034,0.7289686274214111
8.670795723907828,0.6845471059286895
8.733627576979623,0.6374239897486911
8.79645943005142,0.5877852522924731
8.859291283123216,0.5358267949789972
8.922123136195012,0.48175367410171566
8.984954989266807,0.4257792915650736
9.047786842338605,0.3681245526846775
9.1106186954104,0.3090169943749474
9.173450548482196,0.24868988716485557
9.236282401553991,0.18738131458572574
9.299114254625788,0.12533323356430484
9.361946107697584,0.06279051952931464
9.42477796076938,2.6382038606431112e-15
9.487609813841175,-0.06279051952931464
9.55044166691297,-0.12533323356430484
9.613273519984768,-0.18738131458572574
9.676105373056563,-0.24868988716485557
9.738937226128359,-0.3090169943749474
9.801769079200154,-0.3681245526846775
9.864600932271951,-0.4257792915650736
9.927432785343747,-0.48175367410171566
9.990264638415542,-0.5358267949789972
10.053096491487338,-0.5877852522924731
10.115928344559135,-0.6374239897486911
10.17876019763093,-0.6845471059286895
10.241592050702724,-0.7289686274214111
10.30442390377452,-0.7705132427757884
10.367255756846317,-0.8090169943749477
10.430087609918113,-0.8443279255020152
10.492919462989908,-0.8763066800438633
10.555751316061704,-0.9048270524660192
10.618583169133501,-0.9297764858882516
10.681415022205297,-0.9510565162951536
10.744246875277092,-0.9685831611286312
10.807078728348888,-0.9822872507286885
10.869910581420685,-0.9921147013144782
10.93274243449248,-0.9980267284282714
10.995574287564276,-1.0000000000000002
11.058406140636071,-0.9980267284282714
11.121237993707867,-0.9921147013144779
11.184069846779664,-0.9822872507286886
11.24690169985146,-0.968583161128631
11.309733552923255,-0.9510565162951535
11.37256540599505,-0.9297764858882516
11.435397259066848,-0.904827052466019
11.498229112138644,-0.8763066800438634
11.561060965210439,-0.8443279255020151
11.623892818282235,-0.8090169943749473
11.686724671354032,-0.7705132427757884
11.749556524425827,-0.7289686274214108
11.812388377497621,-0.6845471059286894
11.875220230569417,-0.6374239897486906
11.938052083641214,-0.5877852522924731
12.00088393671301,-0.5358267949789971
12.063715789784805,-0.48175367410171593
12.1265476428566,-0.4257792915650736
12.189379495928398,-0.36812455268467764
12.252211349000193,-0.30901699437494745
12.315043202071989,-0.24868988716485513
12.377875055143784,-0.18738131458572532
12.440706908215581,-0.12533323356430356
12.503538761287377,-0.06279051952931301
12.566370614359172,0.0
12.629202467430966,0.06279051952931125
12.692034320502763,0.12533323356430356
12.754866173574559,0.18738131458572357
12.817698026646356,0.24868988716485513
12.88052987971815,0.30901699437494573
12.943361732789947,0.36812455268467764
13.006193585861743,0.425779291565072
13.06902543893354,0.48175367410171593
13.131857292005334,0.5358267949789955
13.194689145077131,0.5877852522924731
13.257520998148927,0.6374239897486893
13.320352851220724,0.6845471059286894
13.383184704292518,0.7289686274214108
13.446016557364315,0.7705132427757895
13.50884841043611,0.8090169943749473
13.571680263507908,0.8443279255020159
13.634512116579701,0.8763066800438634
13.697343969651499,0.9048270524660198
13.760175822723294,0.9297764858882516
13.823007675795091,0.9510565162951542
13.885839528866885,0.968583161128631
13.948671381938683,0.9822872507286889
14.011503235010478,0.9921147013144779
14.074335088082275,0.9980267284282717
14.137166941154069,1.0000000000000002
14.199998794225863,0.9980267284282717
14.26283064729766,0.9921147013144782
14.325662500369456,0.9822872507286888
14.388494353441253,0.9685831611286312
14.451326206513047,0.9510565162951541
14.514158059584844,0.9297764858882516
14.57698991265664,0.90482705246602
14.639821765728437,0.8763066800438633
14.70265361880023,0.8443279255020161
14.765485471872028,0.8090169943749477
14.828317324943823,0.7705132427757895
14.89114917801562,0.7289686274214111
14.953981031087414,0.6845471059286895
15.016812884159211,0.6374239897486897
15.079644737231007,0.5877852522924731
15.142476590302804,0.5358267949789954
15.205308443374598,0.48175367410171566
15.268140296446395,0.4257792915650721
15.33097214951819,0.3681245526846775
15.393804002589988,0.3090169943749459
15.456635855661782,0.24868988716485557
15.519467708733579,0.18738131458572407
15.582299561805375,0.12533323356430484
15.645131414877172,0.06279051952931329
15.707963267948966,2.6382038606431112e-15
15.77079512102076,-0.06279051952931329
15.833626974092557,-0.12533323356430484
15.896458827164352,-0.18738131458572407
15.95929068023615,-0.24868988716485557
16.022122533307943,-0.3090169943749459
16.084954386379742,-0.36812455268467936
16.147786239451534,-0.4257792915650708
16.210618092523333,-0.48175367410171566
16.27344994559513,-0.5358267949789972
16.336281798666924,-0.5877852522924731
16.39911365173872,-0.6374239897486897
16.461945504810515,-0.6845471059286883
16.52477735788231,-0.7289686274214111
16.58760921095411,-0.7705132427757906
16.6504410640259,-0.8090169943749466
16.7132729170977,-0.8443279255020161
16.776104770169496,-0.8763066800438641
16.838936623241292,-0.90482705246602
16.901768476313087,-0.9297764858882516
16.964600329384883,-0.9510565162951536
17.02743218245668,-0.9685831611286312
17.090264035528477,-0.9822872507286893
17.15309588860027,-0.9921147013144779
17.21592774167207,-0.9980267284282717
17.27875959474386,-1.0000000000000004
17.341591447815656,-0.9980267284282717
17.404423300887455,-0.9921147013144777
17.467255153959247,-0.9822872507286894
17.530087007031046,-0.968583161128631
17.59291886010284,-0.9510565162951535
17.655750713174637,-0.9297764858882516
17.718582566246432,-0.9048270524660198
17.781414419318228,-0.8763066800438641
17.844246272390023,-0.8443279255020159
17.907078125461823,-0.8090169943749462
17.969909978533614,-0.7705132427757905
18.032741831605414,-0.7289686274214108
18.09557368467721,-0.6845471059286881
18.158405537749005,-0.6374239897486893
18.2212373908208,-0.5877852522924731
18.284069243892596,-0.5358267949789971
18.34690109696439,-0.48175367410171593
18.40973295003619,-0.4257792915650704
18.472564803107982,-0.3681245526846793
18.53539665617978,-0.30901699437494573
18.598228509251577,-0.2486898871648534
18.661060362323372,-0.18738131458572357
18.723892215395168,-0.12533323356430356
18.786724068466963,-0.06279051952931301
18.84955592153876,0.0
18.912387774610554,0.06279051952931301
18.97521962768235,0.12533323356430356
19.038051480754145,0.18738131458572357
19.10088333382594,0.2486898871648534
19.163715186897736,0.30901699437494573
19.226547039969535,0.3681245526846793
19.289378893041327,0.4257792915650704
19.352210746113126,0.48175367410171593
19.415042599184922,0.5358267949789971
19.477874452256717,0.5877852522924731
19.540706305328513,0.6374239897486893
19.60353815840031,0.6845471059286881
19.666370011472104,0.7289686274214108
19.729201864543903,0.7705132427757905
19.792033717615695,0.8090169943749462
19.854865570687494,0.8443279255020159
19.91769742375929,0.8763066800438641
19.980529276831085,0.9048270524660198
20.04336112990288,0.9297764858882516
20.106192982974676,0.9510565162951535
20.16902483604647,0.968583161128631
20.23185668911827,0.9822872507286894
20.294688542190062,0.9921147013144777
20.35752039526186,0.9980267284282717
20.420352248333657,1.0000000000000004
20.48318410140545,0.9980267284282717
20.546015954477248,0.9921147013144779
20.60884780754904,0.9822872507286893
20.67167966062084,0.9685831611286312
20.734511513692635,0.9510565162951536
20.79734336676443,0.9297764858882516
20.860175219836226,0.90482705246602
20.92300707290802,0.8763066800438641
20.985838925979817,0.8443279255020161
21.048670779051616,0.8090169943749466
21.111502632123408,0.7705132427757906
21.174334485195207,0.7289686274214111
21.237166338267002,0.6845471059286883
21.299998191338798,0.6374239897486897
21.362830044410593,0.5877852522924731
21.42566189748239,0.5358267949789972
21.488493750554184,0.48175367410171566
21.551325603625983,0.4257792915650708
21.614157456697775,0.36812455268467936
21.676989309769574,0.3090169943749459
21.73982116284137,0.24868988716485393
21.802653015913165,0.18738131458572407
21.86548486898496,0.12533323356430484
21.928316722056756,0.06279051952931464
21.991148575128552,2.6382038606431112e-15
22.053980428200347,-0.06279051952931464
22.116812281272143,-0.12533323356430484
22.17964413434394,-0.18738131458572407
22.242475987415734,-0.24868988716485393
22.30530784048753,-0.3090169943749459
22.36813969355933,-0.36812455268467936
22.43097154663112,-0.4257792915650708
22.49380339970292,-0.48175367410171566
22.556635252774715,-0.5358267949789972
22.61946710584651,-0.5877852522924731
22.682298958918306,-0.6374239897486897
22.7451308119901,-0.6845471059286883
22.807962665061897,-0.7289686274214111
22.870794518133696,-0.7705132427757906
22.933626371205488,-0.8090169943749466
22.996458224277287,-0.8443279255020161
23.059290077349083,-0.8763066800438641
23.122121930420878,-0.90482705246602
23.184953783492674,-0.9297764858882516
23.24778563656447,-0.9510565162951536
23.310617489636265,-0.9685831611286312
23.373449342708064,-0.9822872507286893
23.436281195779856,-0.9921147013144779
23.499113048851655,-0.9980267284282717
23.561944901923447,-1.0000000000000004
23.624776754995242,-0.9980267284282717
23.68760860806704,-0.9921147013144777
23.750440461138833,-0.9822872507286894
23.813272314210632,-0.968583161128631
23.876104167282428,-0.9510565162951535
23.938936020354223,-0.9297764858882516
24.00176787342602,-0.9048270524660198
24.064599726497814,-0.8763066800438641
24.12743157956961,-0.8443279255020159
24.19026343264141,-0.8090169943749462
24.2530952857132,-0.7705132427757905
24.315927138785,-0.7289686274214108
24.378758991856795,-0.6845471059286881
24.44159084492859,-0.6374239897486893
24.504422698000386,-0.5877852522924731
24.567254551072182,-0.5358267949789971
24.630086404143977,-0.48175367410171593
24.692918257215776,-0.4257792915650704
24.75575011028757,-0.3681245526846793
24.818581963359367,-0.30901699437494573
24.881413816431163,-0.2486898871648534
24.94424566950296,-0.18738131458572357
25.007077522574754,-0.12533323356430356
25.06990937564655,-0.06279051952931301
25.132741228718345,0.0
25.19557308179014,0.06279051952931301
25.258404934861932,0.12533323356430004
25.321236787933735,0.18738131458572707
25.384068641005527,0.2486898871648534
25.446900494077322,0.30901699437494573
25.509732347149118,0.368124552684676
25.572564200220917,0.4257792915650736
25.635396053292713,0.48175367410171593
25.698227906364508,0.5358267949789971
25.7610597594363,0.5877852522924704
25.823891612508103,0.6374239897486922
25.886723465579895,0.6845471059286881
25.94955531865169,0.7289686274214108
26.012387171723486,0.7705132427757884
26.075219024795285,0.8090169943749483
26.13805087786708,0.8443279255020159
26.200882730938876,0.8763066800438641
26.263714584010668,0.9048270524660182
26.32654643708247,0.9297764858882529
26.389378290154262,0.9510565162951535
26.452210143226058,0.968583161128631
26.515041996297853,0.9822872507286886
26.577873849369652,0.992114701314478
26.640705702441448,0.9980267284282717
26.703537555513243,1.0000000000000004
26.766369408585035,0.9980267284282717
26.82920126165683,0.9921147013144782
26.89203311472863,0.9822872507286885
26.954864967800425,0.9685831611286312
27.01769682087222,0.9510565162951536
27.080528673944013,0.9297764858882527
27.143360527015815,0.9048270524660181
27.206192380087607,0.8763066800438641
27.269024233159403,0.8443279255020161
27.3318560862312,0.8090169943749486
27.394687939302997,0.7705132427757884
27.457519792374793,0.7289686274214111
27.52035164544659,0.6845471059286883
27.58318349851838,0.6374239897486925
27.646015351590183,0.5877852522924704
27.708847204661975,0.5358267949789972
27.77167905773377,0.48175367410171566
27.834510910805566,0.4257792915650736
27.897342763877365,0.3681245526846759
27.96017461694916,0.3090169943749459
28.023006470020956,0.24868988716485393
28.085838323092748,0.18738131458572796
28.14867017616455,0.12533323356430134
28.211502029236343,0.06279051952931464
28.274333882308138,2.6382038606431112e-15
28.337165735379934,-0.06279051952931464
28.399997588451726,-0.12533323356430134
28.462829441523528,-0.18738131458572796
28.52566129459532,-0.24868988716485393
28.588493147667116,-0.3090169943749459
28.65132500073891,-0.3681245526846759
28.71415685381071,-0.4257792915650736
28.776988706882506,-0.48175367410171566
28.8398205599543,-0.5358267949789972
28.902652413026093,-0.5877852522924704
28.965484266097896,-0.6374239897486925
29.028316119169688,-0.6845471059286883
29.091147972241483,-0.7289686274214111
29.15397982531328,-0.7705132427757884
29.216811678385078,-0.8090169943749486
29.279643531456873,-0.8443279255020161
29.34247538452867,-0.8763066800438641
29.40530723760046,-0.9048270524660181
29.468139090672263,-0.9297764858882527
29.530970943744055,-0.9510565162951536
29.59380279681585,-0.9685831611286312
29.656634649887646,-0.9822872507286885
29.719466502959445,-0.9921147013144782
29.78229835603124,-0.9980267284282717
29.845130209103033,-1.0000000000000004
29.90796206217483,-0.9980267284282717
29.970793915246624,-0.992114701314478
30.033625768318423,-0.9822872507286886
30.09645762139022,-0.968583161128631
30.159289474462014,-0.9510565162951535
30.222121327533806,-0.9297764858882529
30.28495318060561,-0.9048270524660182
30.3477850336774,-0.8763066800438641
30.410616886749196,-0.8443279255020159
30.47344873982099,-0.8090169943749483
30.53628059289279,-0.7705132427757884
30.599112445964586,-0.7289686274214108
30.66194429903638,-0.6845471059286881
30.724776152108173,-0.6374239897486922
30.787608005179976,-0.5877852522924704
30.850439858251768,-0.5358267949789971
30.913271711323564,-0.48175367410171593
30.97610356439536,-0.4257792915650736
31.038935417467158,-0.368124552684676
31.101767270538954,-0.30901699437494573
31.16459912361075,-0.2486898871648534
31.22743097668254,-0.18738131458572707
31.290262829754344,-0.12533323356430004
31.353094682826136,-0.06279051952931301
31.41592653589793,0.0
31.478758388969727,0.06279051952931301
31.54159024204152,0.12533323356430004
31.60442209511332,0.18738131458572707
31.667253948185113,0.2486898871648534
31.73008580125691,0.30901699437494573
31.792917654328704,0.368124552684676
31.855749507400503,0.4257792915650736
31.9185813604723,0.48175367410171593
31.981413213544094,0.5358267949789971
32.044245066615886,0.5877852522924704
32.107076919687685,0.6374239897486893
32.169908772759484,0.6845471059286906
32.232740625831276,0.7289686274214108
32.29557247890307,0.7705132427757861
32.358404331974874,0.8090169943749504
32.421236185046666,0.8443279255020159
32.48406803811846,0.8763066800438625
32.54689989119026,0.9048270524660198
32.60973174426206,0.9297764858882529
32.67256359733385,0.9510565162951535
32.73539545040565,0.9685831611286319
32.79822730347744,0.9822872507286886
32.86105915654924,0.992114701314478
32.92389100962103,0.9980267284282713
32.98672286269283,1.0000000000000004
33.04955471576462,0.9980267284282717
33.11238656883641,0.9921147013144788
33.17521842190822,0.9822872507286879
33.23805027498001,0.9685831611286312
33.3008821280518,0.9510565162951545
33.3637139811236,0.9297764858882516
33.4265458341954,0.9048270524660181
33.48937768726719,0.8763066800438641
33.55220954033899,0.8443279255020139
33.615041393410785,0.8090169943749486
33.677873246482584,0.7705132427757884
33.740705099554376,0.7289686274214132
33.803536952626175,0.6845471059286883
33.86636880569797,0.6374239897486925
33.929200658769766,0.5877852522924731
33.992032511841565,0.535826794978994
34.05486436491336,0.48175367410171566
34.11769621798515,0.4257792915650768
34.180528071056955,0.3681245526846729
34.24335992412875,0.3090169943749459
34.30619177720054,0.2486898871648577
34.36902363027234,0.18738131458572407
34.43185548334414,0.12533323356430134
34.49468733641593,0.06279051952931464
34.55751918948772,6.221633122209625e-15
34.62035104255952,-0.06279051952931464
34.68318289563131,-0.12533323356430134
34.74601474870311,-0.18738131458572407
34.80884660177491,-0.2486898871648577
34.8716784548467,-0.3090169943749459
34.934510307918494,-0.3681245526846729
34.9973421609903,-0.4257792915650768
35.06017401406209,-0.48175367410171566
35.123005867133884,-0.535826794978994
35.18583772020568,-0.5877852522924731
35.24866957327748,-0.6374239897486925
35.311501426349274,-0.6845471059286883
35.37433327942107,-0.7289686274214132
35.437165132492865,-0.7705132427757884
35.499996985564664,-0.8090169943749486
35.562828838636456,-0.8443279255020139
35.625660691708255,-0.8763066800438641
35.68849254478005,-0.9048270524660181
35.751324397851846,-0.9297764858882516
35.814156250923645,-0.9510565162951545
35.87698810399544,-0.9685831611286312
35.93981995706723,-0.9822872507286879
36.002651810139035,-0.9921147013144788
36.06548366321083,-0.9980267284282717
36.12831551628262,-1.0000000000000004
36.19114736935442,-0.9980267284282713
36.25397922242621,-0.992114701314478
36.31681107549801,-0.9822872507286886
36.3796429285698,-0.9685831611286319
36.4424747816416,-0.9510565162951535
36.50530663471339,-0.9297764858882529
36.56813848778519,-0.9048270524660198
36.63097034085699,-0.8763066800438625
36.69380219392878,-0.8443279255020159
36.756634047000574,-0.8090169943749504
36.81946590007238,-0.7705132427757861
36.88229775314417,-0.7289686274214108
36.945129606215964,-0.6845471059286906
37.00796145928776,-0.6374239897486893
37.07079331235956,-0.5877852522924704
37.133625165431354,-0.5358267949789971
37.19645701850315,-0.48175367410171277
37.259288871574945,-0.4257792915650736
37.322120724646744,-0.368124552684676
37.384952577718536,-0.3090169943749491
37.447784430790335,-0.2486898871648534
37.51061628386213,-0.18738131458572707
37.573448136933926,-0.12533323356430356
37.636279990005725,-0.06279051952930947
37.69911184307752,0.0
37.76194369614931,0.06279051952930947
37.82477554922111,0.12533323356430356
37.88760740229291,0.18738131458572707
37.9504392553647,0.2486898871648534
38.0132711084365,0.3090169943749491
38.07610296150829,0.368124552684676
38.13893481458009,0.4257792915650736
38.20176666765188,0.48175367410171277
38.26459852072368,0.5358267949789971
38.32743037379547,0.5877852522924704
38.39026222686727,0.6374239897486893
38.45309407993907,0.6845471059286906
38.51592593301086,0.7289686274214108
38.578757786082654,0.7705132427757861
38.64158963915446,0.8090169943749504
38.70442149222625,0.8443279255020159
38.767253345298045,0.8763066800438625
38.830085198369844,0.9048270524660198
38.89291705144164,0.9297764858882529
38.955748904513435,0.9510565162951535
39.018580757585234,0.9685831611286319
39.081412610657026,0.9822872507286886
39.144244463728825,0.992114701314478
39.20707631680062,0.9980267284282713
39.269908169872416,1.0000000000000004
39.33274002294421,0.9980267284282717
39.395571876016,0.9921147013144788
39.458403729087806,0.9822872507286879
39.5212355821596,0.9685831611286312
39.58406743523139,0.9510565162951545
39.64689928830319,0.9297764858882516
39.70973114137499,0.9048270524660181
39.77256299444678,0.8763066800438641
39.83539484751858,0.8443279255020139
39.89822670059037,0.8090169943749486
39.96105855366217,0.7705132427757884
40.02389040673396,0.7289686274214132
40.08672225980576,0.6845471059286883
40.14955411287755,0.6374239897486925
40.21238596594935,0.5877852522924731
40.27521781902115,0.535826794978994
40.33804967209294,0.48175367410171566
40.400881525164735,0.4257792915650768
40.46371337823654,0.3681245526846729
40.52654523130833,0.3090169943749459
40.589377084380125,0.2486898871648577
40.652208937451924,0.18738131458572407
40.71504079052372,0.12533323356430134
40.777872643595515,0.06279051952931464
40.840704496667314,-6.221633122209625e-15
40.903536349739106,-0.06279051952931464
40.9663682028109,-0.12533323356430134
41.0292000558827,-0.18738131458572407
41.092031908954496,-0.2486898871648577
41.15486376202629,-0.3090169943749459
41.21769561509808,-0.3681245526846729
41.280527468169886,-0.4257792915650768
41.34335932124168,-0.48175367410171566
41.40619117431347,-0.535826794978994
41.46902302738527,-0.5877852522924731
41.53185488045707,-0.6374239897486925
41.59468673352886,-0.6845471059286883
41.65751858660066,-0.7289686274214132
41.72035043967245,-0.7705132427757884
41.78318229274425,-0.8090169943749486
41.84601414581604,-0.8443279255020139
41.90884599888784,-0.8763066800438641
41.97167785195963,-0.9048270524660181
42.03450970503143,-0.9297764858882516
42.09734155810323,-0.9510565162951545
42.16017341117502,-0.9685831611286312
42.223005264246815,-0.9822872507286879
42.28583711731862,-0.9921147013144788
42.34866897039041,-0.9980267284282717
42.411500823462205,-1.0000000000000004
42.474332676534004,-0.9980267284282713
42.537164529605796,-0.992114701314478
42.599996382677595,-0.9822872507286886
42.66282823574939,-0.9685831611286319
42.725660088821186,-0.9510565162951535
42.78849194189298,-0.9297764858882529
42.85132379496478,-0.9048270524660198
42.91415564803658,-0.8763066800438625
42.97698750110837,-0.8443279255020159
43.03981935418016,-0.8090169943749504
43.10265120725197,-0.7705132427757861
43.16548306032376,-0.7289686274214108
43.22831491339555,-0.6845471059286906
43.29114676646735,-0.6374239897486893
43.35397861953915,-0.5877852522924704
43.41681047261094,-0.5358267949789971
43.47964232568274,-0.48175367410171277
43.54247417875453,-0.4257792915650736
43.60530603182633,-0.368124552684676
43.66813788489812,-0.3090169943749491
43.73096973796992,-0.2486898871648534
43.79380159104171,-0.18738131458572707
43.85663344411351,-0.12533323356430356
43.91946529718531,-0.06279051952930947
43.982297150257104,0.0
44.045129003328896,0.06279051952930947
44.107960856400695,0.12533323356430356
44.170792709472494,0.18738131458572707
44.233624562544286,0.2486898871648534
44.296456415616085,0.3090169943749491
44.35928826868788,0.368124552684676
44.422120121759676,0.4257792915650736
44.48495197483147,0.48175367410171277
44.54778382790327,0.5358267949789971
44.61061568097506,0.5877852522924704
44.67344753404686,0.6374239897486893
44.73627938711866,0.6845471059286906
44.79911124019045,0.7289686274214108
44.86194309326224,0.7705132427757861
44.92477494633405,0.8090169943749504
44.98760679940584,0.8443279255020159
45.05043865247763,0.8763066800438625
45.11327050554943,0.9048270524660198
45.17610235862123,0.9297764858882529
45.23893421169302,0.9510565162951535
45.30176606476482,0.9685831611286319
45.36459791783661,0.9822872507286886
45.42742977090841,0.992114701314478
45.4902616239802,0.9980267284282713
45.553093477052,1.0000000000000004
45.615925330123794,0.9980267284282717
45.678757183195586,0.9921147013144788
45.74158903626739,0.9822872507286879
45.804420889339184,0.9685831611286312
45.867252742410976,0.9510565162951545
45.930084595482775,0.9297764858882516
45.992916448554574,0.9048270524660181
46.055748301626366,0.8763066800438641
46.118580154698165,0.8443279255020139
46.18141200776996,0.8090169943749486
46.244243860841756,0.7705132427757884
46.30707571391355,0.7289686274214132
46.36990756698535,0.6845471059286883
46.43273942005714,0.6374239897486925
46.49557127312894,0.5877852522924731
46.55840312620074,0.535826794978994
46.62123497927253,0.48175367410171566
46.68406683234432,0.4257792915650768
46.74689868541613,0.3681245526846729
46.80973053848792,0.3090169943749459
46.87256239155971,0.2486898871648577
46.93539424463151,0.18738131458572407
46.99822609770331,0.12533323356430134
47.0610579507751,0.06279051952931464
47.12388980384689,6.221633122209625e-15
47.18672165691869,-0.06279051952931464
47.249553509990484,-0.12533323356430134
47.31238536306228,-0.18738131458572407
47.37521721613408,-0.2486898871648577
47.438049069205874,-0.3090169943749459
47.500880922277666,-0.3681245526846729
47.56371277534947,-0.4257792915650768
47.626544628421264,-0.48175367410171566
47.689376481493056,-0.535826794978994
47.752208334564855,-0.5877852522924731
47.815040187636654,-0.6374239897486925
47.877872040708446,-0.6845471059286883
47.940703893780245,-0.7289686274214132
48.00353574685204,-0.7705132427757884
48.06636759992384,-0.8090169943749486
48.12919945299563,-0.8443279255020139
48.19203130606743,-0.8763066800438641
48.25486315913922,-0.9048270524660181
48.31769501221102,-0.9297764858882516
48.38052686528282,-0.9510565162951545
48.44335871835461,-0.9685831611286312
48.5061905714264,-0.9822872507286879
48.56902242449821,-0.9921147013144788
48.63185427757,-0.9980267284282717
48.69468613064179,-1.0000000000000004
48.75751798371359,-0.9980267284282713
48.82034983678538,-0.992114701314478
48.88318168985718,-0.9822872507286886
48.94601354292897,-0.9685831611286319
49.00884539600077,-0.9510565162951535
49.071677249072565,-0.9297764858882529
49.134509102144364,-0.9048270524660198
49.19734095521616,-0.8763066800438625
49.260172808287955,-0.8443279255020159
49.32300466135975,-0.8090169943749504
49.38583651443155,-0.7705132427757861
49.448668367503345,-0.7289686274214108
49.51150022057514,-0.6845471059286906
49.574332073646936,-0.6374239897486893
49.637163926718735,-0.5877852522924704
49.69999577979053,-0.5358267949789971
49.762827632862326,-0.48175367410171277
49.82565948593412,-0.4257792915650736
49.88849133900592,-0.368124552684676
49.95132319207771,-0.3090169943749491
50.01415504514951,-0.2486898871648534
50.0769868982213,-0.18738131458572707
50.1398187512931,-0.12533323356430356
50.2026506043649,-0.06279051952930947
50.26548245743669,0.0
50.32831431050848,0.06279051952930947
50.39114616358028,0.12533323356430356
50.45397801665207,0.18738131458572008
50.516809869723865,0.24868988716484652
50.57964172279567,0.3090169943749491
50.64247357586747,0.3681245526846826
50.70530542893926,0.4257792915650736
50.768137282011054,0.48175367410171277
50.83096913508285,0.5358267949789971
50.893800988154645,0.5877852522924704
50.956632841226444,0.6374239897486893
51.019464694298236,0.6845471059286855
51.08229654737004,0.7289686274214155
51.145128400441834,0.7705132427757905
51.20796025351363,0.8090169943749504
51.270792106585425,0.8443279255020159
51.33362395965722,0.8763066800438625
51.396455812729016,0.9048270524660198
51.45928766580081,0.9297764858882501
51.5221195188726,0.9510565162951513
51.584951371944406,0.9685831611286319
51.647783225016205,0.9822872507286898
51.710615078088,0.992114701314478
51.77344693115979,0.9980267284282713
51.83627878423159,1.0000000000000004
51.89911063730338,0.9980267284282717
51.96194249037517,0.9921147013144788
52.02477434344697,0.9822872507286893
52.08760619651876,0.9685831611286329
52.15043804959057,0.9510565162951526
52.21326990266236,0.9297764858882516
52.27610175573416,0.9048270524660181
52.33893360880595,0.8763066800438641
52.40176546187775,0.8443279255020139
52.46459731494954,0.8090169943749486
52.527429168021335,0.7705132427757929
52.590261021093134,0.7289686274214132
52.65309287416494,0.684547105928683
52.71592472723673,0.637423989748687
52.778756580308524,0.5877852522924731
52.84158843338032,0.535826794978994
52.904420286452115,0.48175367410171566
52.96725213952391,0.4257792915650768
53.030083992595706,0.36812455268467936
53.0929158456675,0.3090169943749527
53.155747698739304,0.24868988716484997
53.2185795518111,0.18738131458572407
53.281411404882896,0.12533323356430134
53.34424325795469,0.06279051952931464
53.40707511102649,-6.221633122209625e-15
53.46990696409828,-0.06279051952931464
53.53273881717007,-0.12533323356430134
53.59557067024187,-0.18738131458572407
53.65840252331366,-0.24868988716484997
53.72123437638547,-0.3090169943749527
53.78406622945726,-0.36812455268467936
53.84689808252906,-0.4257792915650768
53.90972993560085,-0.48175367410171566
53.97256178867264,-0.535826794978994
54.03539364174444,-0.5877852522924731
54.09822549481623,-0.637423989748687
54.161057347888026,-0.684547105928683
54.22388920095983,-0.7289686274214132
54.28672105403163,-0.7705132427757929
54.34955290710342,-0.8090169943749486
54.412384760175215,-0.8443279255020139
54.475216613247014,-0.8763066800438641
54.538048466318806,-0.9048270524660181
54.600880319390605,-0.9297764858882516
54.6637121724624,-0.9510565162951526
54.7265440255342,-0.9685831611286329
54.789375878605995,-0.9822872507286893
54.852207731677794,-0.9921147013144788
54.915039584749586,-0.9980267284282717
54.97787143782138,-1.0000000000000004
55.04070329089318,-0.9980267284282713
55.10353514396497,-0.992114701314478
55.16636699703676,-0.9822872507286898
55.22919885010856,-0.9685831611286319
55.292030703180366,-0.9510565162951513
55.35486255625216,-0.9297764858882501
55.41769440932395,-0.9048270524660198
55.48052626239575,-0.8763066800438625
55.54335811546754,-0.8443279255020159
55.60618996853933,-0.8090169943749504
55.66902182161113,-0.7705132427757905
55.731853674682924,-0.7289686274214155
55.79468552775473,-0.6845471059286855
55.85751738082652,-0.6374239897486893
55.92034923389832,-0.5877852522924704
55.98318108697011,-0.5358267949789971
56.04601294004191,-0.48175367410171277
56.108844793113704,-0.4257792915650736
56.171676646185496,-0.3681245526846826
56.234508499257295,-0.3090169943749491
56.2973403523291,-0.24868988716484652
56.36017220540089,-0.18738131458572008
56.423004058472685,-0.12533323356430356
56.485835911544484,-0.06279051952930947
56.548667764616276,0.0
56.61149961768807,0.06279051952930947
56.67433147075987,0.12533323356430356
56.73716332383166,0.18738131458572008
56.79999517690345,0.24868988716484652
56.86282702997526,0.3090169943749491
56.925658883047056,0.3681245526846826
56.98849073611885,0.4257792915650736
57.05132258919064,0.48175367410171277
57.11415444226244,0.5358267949789971
57.17698629533423,0.5877852522924704
57.23981814840603,0.6374239897486893
57.30265000147782,0.6845471059286855
57.36548185454963,0.7289686274214155
57.42831370762142,0.7705132427757905
57.49114556069322,0.8090169943749504
57.55397741376501,0.8443279255020159
57.6168092668368,0.8763066800438625
57.6796411199086,0.9048270524660198
57.742472972980394,0.9297764858882501
57.805304826052186,0.9510565162951513
57.86813667912399,0.9685831611286319
57.93096853219579,0.9822872507286898
57.99380038526758,0.992114701314478
58.056632238339375,0.9980267284282713
58.119464091411174,1.0000000000000004
58.182295944482966,0.9980267284282717
58.24512779755476,0.9921147013144788
58.30795965062656,0.9822872507286893
58.37079150369835,0.9685831611286329
58.433623356770156,0.9510565162951526
58.49645520984195,0.9297764858882516
58.55928706291375,0.9048270524660181
58.62211891598554,0.8763066800438641
58.68495076905734,0.8443279255020139
58.74778262212913,0.8090169943749486
58.81061447520092,0.7705132427757929
58.87344632827272,0.7289686274214132
58.93627818134453,0.684547105928683
58.99911003441632,0.637423989748687
59.06194188748811,0.5877852522924731
59.12477374055991,0.535826794978994
59.1876055936317,0.48175367410171566
59.25043744670349,0.4257792915650768
59.31326929977529,0.36812455268467936
59.376101152847085,0.3090169943749527
59.43893300591889,0.24868988716484997
59.50176485899068,0.18738131458572407
59.56459671206248,0.12533323356430134
59.627428565134274,0.06279051952931464
59.690260418206066,6.221633122209625e-15
59.753092271277865,-0.06279051952931464
59.81592412434966,-0.12533323356430134
59.878755977421456,-0.18738131458572407
59.94158783049325,-0.24868988716484997
60.004419683565054,-0.3090169943749527
60.067251536636846,-0.36812455268467936
60.130083389708645,-0.4257792915650768
60.19291524278044,-0.48175367410171566
60.25574709585223,-0.535826794978994
60.31857894892403,-0.5877852522924731
60.38141080199582,-0.637423989748687
60.44424265506761,-0.684547105928683
60.50707450813942,-0.7289686274214132
60.56990636121122,-0.7705132427757929
60.63273821428301,-0.8090169943749486
60.6955700673548,-0.8443279255020139
60.7584019204266,-0.8763066800438641
60.82123377349839,-0.9048270524660181
60.88406562657019,-0.9297764858882516
60.94689747964198,-0.9510565162951526
61.00972933271379,-0.9685831611286329
61.07256118578558,-0.9822872507286893
61.13539303885738,-0.9921147013144788
61.19822489192917,-0.9980267284282717
61.261056745000964,-1.0000000000000004
61.32388859807276,-0.9980267284282713
61.386720451144555,-0.992114701314478
61.44955230421635,-0.9822872507286898
61.512384157288146,-0.9685831611286319
61.57521601035995,-0.9510565162951513
61.638047863431744,-0.9297764858882501
61.700879716503536,-0.9048270524660198
61.763711569575335,-0.8763066800438625
61.82654342264713,-0.8443279255020159
61.88937527571892,-0.8090169943749504
61.95220712879072,-0.7705132427757905
62.01503898186251,-0.7289686274214155
62.077870834934316,-0.6845471059286855
62.14070268800611,-0.6374239897486893
62.20353454107791,-0.5877852522924704
62.2663663941497,-0.5358267949789971
62.3291982472215,-0.48175367410171277
62.39203010029329,-0.4257792915650736
62.45486195336508,-0.3681245526846826
62.51769380643688,-0.3090169943749491
62.58052565950869,-0.24868988716484652
62.64335751258048,-0.18738131458572008
62.70618936565227,-0.12533323356430356
62.76902121872407,-0.06279051952930947